supplier_id,supplier_name,supplier_email,supplier_phone,supplier_address
1,Skaboo,fgoudard0@yahoo.com,+216 459 429 0654,73 Starling Parkway
2,Kwimbee,wbertolaccini1@loc.gov,+86 884 317 8829,574 Gale Terrace
3,Aimbu,jharling2@who.int,+86 674 203 7278,64557 2nd Pass
4,Jetpulse,mmacclenan3@google.ca,+33 175 166 1533,84 Clemons Plaza
5,Flipbug,hlafaye4@ow.ly,+86 476 118 0099,0 Ohio Point
6,Pixonyx,progez5@goodreads.com,+225 836 354 1668,6 Oneill Parkway
7,Skinix,dgyford6@google.com,+52 351 205 1761,4 Melody Terrace
8,Tagpad,bsonschein7@blinklist.com,+62 217 681 5292,66 Kennedy Crossing
9,Myworks,mmudle8@google.pl,+46 530 305 4810,54303 Lukken Crossing
10,Trupe,gmanuello9@dedecms.com,+20 396 665 1315,97 Banding Circle
11,Rhynoodle,opawdena@github.com,+7 818 952 9831,07646 Starling Avenue
12,Thoughtsphere,erhoadesb@github.io,+256 724 968 2599,59 Toban Place
13,Jayo,gskillenc@pinterest.com,+86 277 226 9174,5 Canary Center
14,Kaymbo,gstebbinsd@sogou.com,+46 979 324 4501,0 David Alley
15,Youbridge,dtallete@disqus.com,+48 159 607 6062,24082 Upham Plaza
16,Youopia,sfowdenf@wufoo.com,+995 659 690 2517,7 Hollow Ridge Crossing
17,Trudoo,mtruseg@last.fm,+382 153 676 9340,9275 Towne Terrace
18,Skynoodle,ashalesh@digg.com,+55 670 907 8717,1 American Ash Road
19,Latz,tclaveringi@infoseek.co.jp,+223 279 162 5432,694 Pine View Alley
